,AUS,CHI,FRA,GER,JAP,Average
AUS,0.835833333,0.588588589,0.647850294,0.784871795,0.576978906,0.686824583
CHI,0.674603175,0.724583333,0.7794618,0.716538462,0.560409525,0.691119259
FRA,0.729813665,0.673923924,0.899365079,0.676153846,0.536373884,0.70312608
GER,0.748619738,0.594344344,0.648004949,0.824404762,0.576067822,0.678288323
JAP,0.753278123,0.604604605,0.561862048,0.656794872,0.644351243,0.644178178
Average,0.748429607,0.637208959,0.707308834,0.731752747,0.578836276,0.78570755
LODO,0.804175293,0.652402402,0.765697495,0.755897436,0.609376448,0.717509815