,AUS,CHI,FRA,GER,JAP,Average
AUS,0.897916667,0.690690691,0.774667491,0.78025641,0.639473115,0.756600875
CHI,0.727225673,0.863690476,0.804979895,0.751410256,0.678032058,0.765067672
FRA,0.77294686,0.77952953,0.876031746,0.691282051,0.576971185,0.739352274
GER,0.840752243,0.730980981,0.731364058,0.875198413,0.662142129,0.768087565
JAP,0.796583851,0.727602603,0.657129601,0.715128205,0.749568876,0.729202627
Average,0.807085059,0.758498856,0.768834558,0.762655067,0.661237473,0.852481235
LODO,0.875776398,0.802802803,0.794772657,0.777051282,0.712769079,0.792634444