,AUS,CHI,FRA,GER,JAP,Average
AUS,0.89047619,0.656406406,0.770491803,0.699871795,0.653363291,0.734121897
CHI,0.706004141,0.87360119,0.78518404,0.772051282,0.66610303,0.760588737
FRA,0.771048999,0.752752753,0.863650794,0.70474359,0.572747769,0.732988781
GER,0.780710835,0.790165165,0.801886792,0.840873016,0.65056827,0.772840816
JAP,0.774672188,0.77515015,0.661305289,0.732692308,0.727016568,0.734167301
Average,0.784582471,0.769615133,0.776503744,0.750046398,0.653959785,0.839123552
LODO,0.843512767,0.817192192,0.756418187,0.783076923,0.701534945,0.780347003