,AUS,CHI,FRA,GER,JAP,Average
AUS,0.892619048,0.646896897,0.747912156,0.742692308,0.651185954,0.736261272
CHI,0.714285714,0.860922619,0.846582122,0.781794872,0.689544149,0.778625895
FRA,0.811076605,0.774024024,0.866507937,0.707435897,0.624162266,0.756641346
GER,0.850759144,0.763013013,0.780080421,0.857539683,0.691976281,0.788673708
JAP,0.838336784,0.761261261,0.721311475,0.768205128,0.729316923,0.763686314
Average,0.821415459,0.761223563,0.792478822,0.771533578,0.677237115,0.841381242
LODO,0.861628709,0.794294294,0.809000928,0.790769231,0.698160845,0.790770801