,AUS,CHI,FRA,GER,JAP,Average
AUS,0.78827381,0.585585586,0.710485617,0.653589744,0.585394855,0.664665922
CHI,0.586093858,0.804047619,0.758892669,0.702564103,0.617715186,0.693862687
FRA,0.732746722,0.737987988,0.739365079,0.693974359,0.651865407,0.711187911
GER,0.698585231,0.736736737,0.780544386,0.790079365,0.649742117,0.731137567
JAP,0.706349206,0.687812813,0.721002165,0.764487179,0.637226864,0.703375646
Average,0.702409765,0.710434148,0.742057983,0.72093895,0.628388886,0.751798547
LODO,0.735507246,0.71458959,0.776987318,0.772692308,0.657633034,0.731481899