,AUS,CHI,FRA,GER,JAP,Average
AUS,0.87952381,0.648523524,0.766625425,0.678076923,0.643935884,0.723337113
CHI,0.729813665,0.856130952,0.824002474,0.819102564,0.656621576,0.777134246
FRA,0.794513458,0.771396396,0.847222222,0.738846154,0.607114179,0.751818482
GER,0.786059351,0.797047047,0.769563873,0.809920635,0.657617592,0.764041699
JAP,0.832988268,0.729604605,0.709712341,0.742307692,0.724108876,0.747744356
Average,0.80457971,0.760540505,0.783425267,0.757650794,0.657879621,0.823381299
LODO,0.788990826,0.734375,0.745614035,0.72,0.614931238,0.72078222