,AUS,CHI,FRA,GER,JAP,Average
AUS,0.875714286,0.667667668,0.759975255,0.693333333,0.645302511,0.728398611
CHI,0.708764665,0.814821429,0.780544386,0.777820513,0.678943142,0.752178827
FRA,0.746721877,0.757632633,0.863452381,0.682179487,0.594914914,0.728980258
GER,0.767598344,0.793293293,0.750850603,0.792063492,0.714259242,0.763612995
JAP,0.784506556,0.762262262,0.677080111,0.765384615,0.71592355,0.741031419
Average,0.776661146,0.759135457,0.766380547,0.742156288,0.669868672,0.812395028
LODO,0.792097999,0.794044044,0.715434581,0.768205128,0.69064826,0.752086002