,AUS,CHI,FRA,GER,JAP,Average
AUS,0.83952381,0.588963964,0.720692855,0.742820513,0.611970722,0.700794373
CHI,0.664768806,0.790357143,0.815960408,0.741282051,0.62265666,0.727005014
FRA,0.797619048,0.756506507,0.847698413,0.687564103,0.61583897,0.741045408
GER,0.774499655,0.720095095,0.778533869,0.848809524,0.636956052,0.751778839
JAP,0.793823326,0.738113113,0.651407362,0.72,0.673597278,0.715388216
Average,0.774046929,0.718807164,0.762858581,0.748095238,0.632203936,0.799997233
LODO,0.798826777,0.727602603,0.811320755,0.755128205,0.65665246,0.739334847