,AUS,CHI,FRA,GER,JAP,Average
AUS,0.850357143,0.56006006,0.706000619,0.763076923,0.599308194,0.695760588
CHI,0.621808144,0.785565476,0.799566966,0.722179487,0.627335619,0.711291138
FRA,0.737922705,0.726476476,0.818095238,0.719358974,0.6091757,0.722205819
GER,0.806245687,0.667292292,0.713424064,0.8875,0.624378455,0.7397681
JAP,0.714285714,0.687562563,0.710794927,0.735641026,0.686432189,0.706943284
Average,0.746123879,0.685391374,0.749576363,0.765551282,0.629326031,0.805590009
LODO,0.796583851,0.736361361,0.788277142,0.776410256,0.653247475,0.750176017