,AUS,CHI,FRA,GER,JAP,Average
AUS,0.771666667,0.69456957,0.753634395,0.648333333,0.576145032,0.688869799
CHI,0.607142857,0.762738095,0.735849057,0.687435897,0.557830693,0.67019932
FRA,0.662353347,0.754379379,0.772777778,0.648717949,0.591332345,0.68591216
GER,0.604554865,0.700075075,0.577018249,0.739285714,0.559012014,0.635989184
JAP,0.503623188,0.612737738,0.580729972,0.643205128,0.590813018,0.586221809
Average,0.629868185,0.704899971,0.68400189,0.673395604,0.57502662,0.727456254
LODO,0.682539683,0.764264264,0.785648005,0.654102564,0.591656629,0.695642229