,AUS,CHI,FRA,GER,JAP,Average
AUS,0.821428571,0.60523023,0.726105784,0.683589744,0.602002841,0.687671434
CHI,0.632332643,0.800059524,0.763223013,0.71025641,0.635527657,0.708279849
FRA,0.787267081,0.76951952,0.828769841,0.698589744,0.630678835,0.742965004
GER,0.718599034,0.746996997,0.725177853,0.791666667,0.640106242,0.724509359
JAP,0.724637681,0.668168168,0.750386638,0.698076923,0.65692355,0.699638592
Average,0.736853002,0.717994888,0.758732626,0.716435897,0.633047825,0.779769631
LODO,0.779675638,0.732732733,0.821064027,0.743846154,0.650962043,0.745656119