,AUS,CHI,FRA,GER,JAP,Ave
AUS,0.916904762,0.731856857,0.756882153,0.797564103,0.622340097,0.765109594
CHI,0.73757764,0.837738095,0.793535416,0.753846154,0.661539887,0.756847438
FRA,0.819530711,0.789664665,0.889563492,0.771923077,0.540033664,0.762143122
GER,0.837129055,0.737862863,0.724249923,0.852380952,0.645240742,0.759372707
JAP,0.807108351,0.696571572,0.575162388,0.698205128,0.70676,0.696761488
Ave,0.823650104,0.75873881,0.747878674,0.774783883,0.635182878,0.84066946