,AUS,CHI,FRA,GER,JAP,Average
AUS,0.904166667,0.630755756,0.722548716,0.694615385,0.641712221,0.718759749
CHI,0.668909593,0.860625,0.869161769,0.772179487,0.695473918,0.773269954
FRA,0.763802622,0.784159159,0.832380952,0.733205128,0.626934124,0.748096397
GER,0.7394755,0.782032032,0.773430251,0.807142857,0.679105284,0.756237185
JAP,0.798309179,0.756381381,0.716826477,0.770128205,0.727217633,0.753772575
Average,0.774932712,0.762790666,0.782869633,0.755454212,0.674088636,0.826306622
LODO,0.852311939,0.790790791,0.793999381,0.816923077,0.70720992,0.792247022