,AUS,CHI,FRA,GER,JAP,Average
AUS,0.893571429,0.626876877,0.771110424,0.739102564,0.653455944,0.736823447
CHI,0.714458247,0.868065476,0.83714816,0.794487179,0.709093857,0.784650584
FRA,0.813837129,0.762512513,0.855555556,0.733717949,0.63752741,0.760630111
GER,0.825396825,0.759134134,0.744045778,0.861904762,0.673167794,0.772729859
JAP,0.770703934,0.736236236,0.724404578,0.801410256,0.739330651,0.754417131
Average,0.803593513,0.750565047,0.786452899,0.786124542,0.682515131,0.843685575
LODO,0.861628709,0.79466967,0.796783174,0.803717949,0.703928472,0.792145595