,AUS,CHI,FRA,GER,JAP,Average
AUS,0.928690476,0.678178178,0.784410764,0.751282051,0.636299762,0.755772246
CHI,0.734644582,0.861071429,0.81781627,0.763846154,0.70412922,0.776301531
FRA,0.802622498,0.794419419,0.894444444,0.682051282,0.579565459,0.750620621
GER,0.817805383,0.716716717,0.688060625,0.878174603,0.66492943,0.753137351
JAP,0.832470669,0.75538038,0.664398392,0.768974359,0.748234675,0.753891695
Average,0.823246722,0.761153225,0.769826099,0.76886569,0.666631709,0.862123125
LODO,0.868530021,0.790790791,0.767862666,0.775512821,0.723177059,0.785174671